rank,drug_name,target,binding_score
1,carazolol,New Target,4.53
2,halobetasol-propionate,New Target,6.51
3,ibrutinib,New Target,7.33
4,raclopride,New Target,13.05
5,timolol maleate,New Target,15.2
6,alprenolol,New Target,16.06
7,ethoxzolamide,New Target,16.17
8,solifenacin succinate,New Target,17.28
9,peficitinib,New Target,19.41
10,ipratropium bromide,New Target,23.23
11,stanozolol,New Target,23.38
12,dexamethasone,New Target,24.78
13,naltrexone,New Target,27.15
14,ethisterone,New Target,27.72
15,mianserin hydrochloride,New Target,35.57
16,clocortolone-pivalate,New Target,36.36
17,triamcinolone acetonide,New Target,36.71
18,faropenem,New Target,39.21
19,dehydroepiandrosterone,New Target,41.82
20,laropiprant,New Target,42.03
21,tiotropium,New Target,45.56
22,mometasone,New Target,47.4
23,norethindrone,New Target,50.63
24,tibolone,New Target,53.74
25,nalbuphine,New Target,54.74
26,betamethasone-acetate,New Target,54.77
27,nalmefene hcl,New Target,55.23
28,topiramate,New Target,63.79
29,trospium,New Target,65.79
30,eletriptan,New Target,71.07
31,halobetasol propionate,New Target,71.84
32,terpinen-4-ol,New Target,73.19
33,norgestrel,New Target,74.52
34,meprednisone,New Target,78.6
35,flunisolide,New Target,80.88
36,flumethasone,New Target,84.08
37,ketanserin,New Target,85.48
38,altrenogest,New Target,94.46
39,mepenzolate,New Target,96.86
40,vimseltinib,New Target,96.91
41,scopolamine hydrobromide,New Target,97.45
42,dexamethasone-acetate,New Target,101.38
43,clobetasone-butyrate,New Target,101.47
44,moxifloxacin,New Target,102.57
45,carvedilol,New Target,107.22
46,desoximetasone,New Target,107.78
47,ethisterone,New Target,108.48
48,riboflavin,New Target,110.65
49,beclomethasone,New Target,112.23
50,indoramin,New Target,114.86
51,brinzolamide,New Target,115.16
52,niraparib,New Target,116.76
53,olmesartan,New Target,120.0
54,deflazacort,New Target,120.4
55,levobunolol,New Target,124.37
56,dimemorfan,New Target,125.35
57,azelastine,New Target,125.56
58,alvimopan,New Target,126.48
59,tasimelteon,New Target,128.58
60,prednicarbate,New Target,129.23
61,ertapenem,New Target,129.33
62,vorinostat,New Target,130.08
63,rebamipide,New Target,130.72
64,apalutamide,New Target,133.1
65,cafestol,New Target,134.98
66,thiamine-pyrophosphate,New Target,136.5
67,deracoxib,New Target,141.35
68,nebivolol,New Target,143.2
69,lumateperone,New Target,147.38
70,estradiol,New Target,147.45
71,danazol,New Target,151.9
72,etonogestrel,New Target,152.6
73,arotinolol,New Target,155.03
74,halcinonide,New Target,155.21
75,granisetron,New Target,155.83
76,desoxymetasone,New Target,157.26
77,betamethasone acetate,New Target,158.51
78,doxazosin,New Target,159.06
79,nadolol,New Target,159.08
80,fluocinonide,New Target,162.0
81,methscopolamine,New Target,162.13
82,etodolac,New Target,163.64
83,flumequine,New Target,165.22
84,felodipine,New Target,169.8
85,sparteine-(+),New Target,172.82
86,trimethoprim,New Target,173.92
87,zanubrutinib,New Target,177.66
88,chlorpyrifos,New Target,181.83
89,loteprednol,New Target,186.07
90,methylprednisolone-aceponate,New Target,189.97
91,levonorgestrel,New Target,190.52
92,galantamine,New Target,191.3
93,riboflavin,New Target,193.23
94,estradiol-acetate,New Target,193.99
95,prajmalium bitartrate,New Target,196.11
96,chlortetracycline,New Target,197.76
97,dorzolamide,New Target,200.43
98,flunisolide,New Target,202.4
99,methylnaltrexone,New Target,204.23
100,saxagliptin,New Target,206.35
101,diflorasone diacetate,New Target,206.63
102,chlortetracycline hcl,New Target,209.69
103,bicalutamide,New Target,211.18
104,griseofulvin,New Target,214.13
105,lynestrenol,New Target,214.63
106,methylnaltrexone (bromide),New Target,215.26
107,triamcinolone-acetonide,New Target,216.56
108,phenindamine,New Target,220.12
109,gemigliptin,New Target,222.75
110,anthralin,New Target,222.78
111,trilostane,New Target,223.49
112,naftopidil,New Target,224.66
113,levosulpiride,New Target,226.78
114,cyproheptadine,New Target,228.63
115,prednicarbate,New Target,232.08
116,altrenogest,New Target,236.19
117,tebipenem,New Target,236.92
118,benfotiamine,New Target,241.15
119,tebipenem,New Target,242.96
120,trospium chloride,New Target,245.65
121,azasetron,New Target,245.72
122,gr-235,New Target,248.6
123,halcinonide,New Target,248.85
124,lorlatinib,New Target,249.72
125,dienogest,New Target,250.18
126,levallorphan,New Target,255.73
127,fenoldopam,New Target,255.75
128,oxprenolol,New Target,256.09
129,pindolol,New Target,256.58
130,rilpivirine,New Target,259.99
131,deutetrabenazine,New Target,261.87
132,latanoprost,New Target,263.21
133,mabuprofen,New Target,264.74
134,etonogestrel,New Target,268.21
135,naloxone,New Target,268.94
136,aminoglutethimide,New Target,275.47
137,nemonapride,New Target,275.93
138,bupranolol,New Target,276.31
139,terazosin hydrochloride,New Target,279.91
140,terazosin,New Target,280.3
141,prednisolone-sodium-phosphate,New Target,280.75
142,proxodolol,New Target,281.29
143,omarigliptin,New Target,282.29
144,indacaterol,New Target,283.89
145,deprodone propionate,New Target,285.66
146,frovatriptan,New Target,285.69
147,darifenacin,New Target,288.57
148,betamethasone-phosphate,New Target,289.11
149,meropenem,New Target,294.72
150,(+)-borneol,New Target,295.44
151,imipenem,New Target,296.8
152,atovaquone,New Target,299.99
153,triflusal,New Target,302.19
154,exalamide,New Target,303.5
155,scopolamine,New Target,303.99
156,vilazodone,New Target,304.05
157,avanafil,New Target,304.58
158,indobufen,New Target,306.46
159,finerenone,New Target,307.84
160,penbutolol,New Target,308.91
161,nalmefene,New Target,310.61
162,hydroxyprogesterone,New Target,310.99
163,trihexyphenidyl,New Target,313.18
164,minocycline,New Target,313.97
165,lornoxicam,New Target,321.16
166,epitiostanol,New Target,321.98
167,acetazolamide,New Target,322.09
168,mepyramine,New Target,325.97
169,enzacamene,New Target,327.91
170,fluocinonide,New Target,334.23
171,flecainide,New Target,334.5
172,doxazosin mesylate,New Target,338.04
173,tazarotene,New Target,338.13
174,linagliptin,New Target,338.61
175,sparteine-(-),New Target,339.91
176,pipenzolate,New Target,341.56
177,delavirdine,New Target,341.8
178,enasidenib,New Target,341.96
179,fluocinolone-acetonide,New Target,342.77
180,doxycycline hyclate,New Target,342.82
181,spiperone,New Target,344.32
182,alprenolol,New Target,344.54
183,rizatriptan,New Target,346.53
184,carteolol hydrochloride,New Target,346.67
185,picotamide,New Target,354.37
186,ecabet,New Target,356.3
187,norelgestromin,New Target,357.96
188,lenvatinib,New Target,361.74
189,dextromethorphan,New Target,362.58
190,buparvaquone,New Target,364.57
191,noscapine hydrochloride,New Target,365.01
192,glycopyrrolate,New Target,366.16
193,zoledronic-acid,New Target,369.14
194,clebopride,New Target,371.8
195,clozapine,New Target,372.38
196,bifendate,New Target,373.63
197,ibandronate,New Target,374.04
198,prasugrel,New Target,374.13
199,nalfurafine,New Target,375.59
200,cimetidine,New Target,377.41
201,ampiroxicam,New Target,383.18
202,pimethixene,New Target,383.45
203,salmeterol,New Target,385.54
204,sodium-tetradecyl-sulfate,New Target,386.55
205,prednisolone-acetate,New Target,389.03
206,tacrine,New Target,389.43
207,irbesartan,New Target,390.0
208,prazosin,New Target,390.52
209,epinastine,New Target,390.58
210,etizolam,New Target,390.96
211,orbifloxacin,New Target,391.06
212,ixazomib,New Target,391.56
213,tafluprost,New Target,393.01
214,prednisolone sodium phosphate,New Target,393.19
215,neo-gilurytmal,New Target,393.56
216,losartan,New Target,395.69
217,pirlindole mesylate,New Target,397.76
218,larotrectinib,New Target,397.81
219,naftopidil dihcl,New Target,397.82
220,artemisinin,New Target,398.05
221,azatadine,New Target,398.49
222,tibolone,New Target,399.59
223,hydrocortisone-valerate,New Target,403.89
224,maxacalcitol,New Target,405.29
225,pyrimethamine,New Target,405.91
226,cytisine,New Target,407.01
227,zolimidine,New Target,410.68
228,3-(4-methylbenzylidene)camphor,New Target,411.66
229,enzalutamide,New Target,414.19
230,phensuximide,New Target,416.11
231,lafutidine,New Target,418.11
232,hexetidine,New Target,422.28
233,betamethasone-valerate,New Target,422.84
234,mestranol,New Target,428.01
235,brexpiprazole,New Target,428.46
236,ondansetron,New Target,430.21
237,mianserin,New Target,431.15
238,tetrabenazine,New Target,431.37
239,prednisone,New Target,436.37
240,promethazine,New Target,440.99
241,afobazole,New Target,442.4
242,tetracycline,New Target,451.05
243,amisulpride,New Target,453.75
244,aclidinium,New Target,454.75
245,methylprednisolone,New Target,455.15
246,almotriptan,New Target,456.46
247,ramelteon,New Target,457.72
248,roxatidine-acetate,New Target,459.66
249,doripenem,New Target,460.0
250,pyriproxyfen,New Target,464.78
251,haloperidol,New Target,464.98
252,levo-phencynonate,New Target,466.46
253,donepezil,New Target,466.87
254,risperidone,New Target,468.41
255,dorzolamide hcl,New Target,469.93
256,meloxicam,New Target,471.28
257,garenoxacin,New Target,472.82
258,prulifloxacin,New Target,474.53
259,phentolamine,New Target,475.32
260,alectinib,New Target,476.41
261,pazufloxacin,New Target,477.43
262,rotigotine,New Target,480.4
263,mebeverine,New Target,481.15
264,medroxyprogesterone,New Target,481.51
265,perospirone,New Target,481.65
266,clenbuterol hydrochloride,New Target,482.38
267,isoetharine,New Target,483.67
268,olaparib,New Target,484.89
269,ibudilast,New Target,485.92
270,valsartan,New Target,492.09
271,alcaftadine,New Target,493.98
272,halofuginone,New Target,495.48
273,naftidrofuryl,New Target,497.07
274,hydrocortisone valerate,New Target,497.96
275,benzthiazide,New Target,503.46
276,noscapine,New Target,505.2
277,hydroxyprogesterone,New Target,505.77
278,desisobutyryl-ciclesonide,New Target,506.93
279,thonzylamine,New Target,512.97
280,ormetoprim,New Target,514.99
281,molindone,New Target,518.6
282,hyoscyamine,New Target,518.67
283,morantel,New Target,518.69
284,propafenone,New Target,519.22
285,solifenacin-succinate,New Target,523.99
286,tizanidine,New Target,526.3
287,tebipenem pivoxil,New Target,526.89
288,desonide,New Target,527.68
289,mephenesin,New Target,530.32
290,parecoxib,New Target,532.97
291,nadifloxacin,New Target,534.06
292,vinpocetine,New Target,538.83
293,nonivamide,New Target,540.91
294,valbenazine,New Target,541.62
295,histamine,New Target,543.68
296,dapiprazole,New Target,545.79
297,nimodipine,New Target,546.22
298,ethinyl-estradiol,New Target,547.47
299,dotinurad,New Target,550.63
300,norethindrone acetate,New Target,551.24
301,prucalopride,New Target,552.05
302,tulobuterol,New Target,552.78
303,ribociclib,New Target,561.31
304,indapamide,New Target,562.27
305,droxicam,New Target,566.39
306,apomorphine hydrochloride,New Target,567.96
307,enisamium-iodide,New Target,568.79
308,carteolol,New Target,570.12
309,chlorothymol,New Target,573.0
310,bicyclol,New Target,573.62
311,candesartan,New Target,576.19
312,bortezomib,New Target,580.96
313,levalbuterol,New Target,581.43
314,chidamide,New Target,581.68
315,benproperine,New Target,582.07
316,fasudil,New Target,582.46
317,zolmitriptan,New Target,587.53
318,racecadotril,New Target,593.32
319,rotundine,New Target,593.47
320,piperidolate,New Target,597.09
321,fludrocortisone-acetate,New Target,598.6
322,tepoxalin,New Target,598.64
323,tymazoline,New Target,604.14
324,metoxibutropate,New Target,606.87
325,pf-06463922,New Target,608.19
326,norethindrone-acetate,New Target,610.25
327,pregnenolone,New Target,612.11
328,lurasidone,New Target,613.52
329,norgestimate,New Target,613.88
330,budesonide,New Target,615.7
331,resveratrol,New Target,620.43
332,gestodene,New Target,621.54
333,famotidine,New Target,626.23
334,cariprazine,New Target,629.13
335,sodium-gualenate,New Target,629.29
336,loratadine,New Target,630.28
337,moexipril,New Target,630.96
338,febuxostat,New Target,639.77
339,lemborexant,New Target,640.06
340,paliperidone,New Target,643.47
341,trelagliptin,New Target,644.77
342,selexipag,New Target,645.1
343,methylprednisolone-sodium-succinate,New Target,647.7
344,lumacaftor,New Target,649.16
345,pipemidic-acid,New Target,650.68
346,methysergide,New Target,654.1
347,spironolactone,New Target,657.16
348,epiestriol,New Target,658.58
349,cortisone,New Target,659.18
350,reboxetine,New Target,660.51
351,estriol,New Target,660.84
352,vernakalant,New Target,662.41
353,silodosin,New Target,664.33
354,ripasudil,New Target,665.22
355,etafenone,New Target,665.6
356,tribenoside,New Target,673.49
357,danofloxacin,New Target,675.07
358,trichlormethiazide,New Target,676.31
359,dehydroepiandrosterone-sulfate,New Target,676.57
360,chlorthalidone,New Target,677.95
361,flucloxacillin,New Target,679.8
362,aripiprazole,New Target,680.43
363,topotecan,New Target,683.09
364,methylergometrine,New Target,683.4
365,mexiletine,New Target,697.72
366,chloropyramine,New Target,698.95
367,cinchocaine,New Target,699.88
368,oxytetracycline,New Target,703.53
369,nicotine,New Target,704.42
370,piribedil,New Target,707.59
371,bimatoprost,New Target,707.89
372,oxaliplatin,New Target,709.13
373,palmitoylethanolamide,New Target,709.14
374,pipobroman,New Target,712.34
375,elvitegravir,New Target,712.97
376,fentiazac,New Target,713.87
377,bucillamine,New Target,715.24
378,thalidomide,New Target,718.78
379,labetalol,New Target,722.11
380,azilsartan,New Target,722.75
381,tofogliflozin,New Target,722.88
382,hydroxystilbamidine,New Target,726.07
383,dexamethasone,New Target,730.46
384,tropisetron,New Target,735.94
385,forskolin,New Target,738.91
386,nilutamide,New Target,739.3
387,oclacitinib,New Target,740.79
388,tamsulosin,New Target,742.57
389,tadalafil,New Target,745.64
390,oxytetracycline,New Target,748.84
391,methylprednisolone sodium succinate,New Target,752.21
392,clobetasol-propionate,New Target,752.25
393,azosemide,New Target,754.64
394,clopamide,New Target,761.81
395,(r)-(-)-apomorphine,New Target,767.65
396,prednisolone,New Target,770.29
397,osimertinib,New Target,773.65
398,acrivastine,New Target,774.17
399,oxytetracycline,New Target,774.54
400,sparteine-sulfate,New Target,774.91
401,melperone,New Target,776.1
402,sitafloxacin,New Target,776.97
403,sildenafil,New Target,777.09
404,stiripentol,New Target,778.63
405,hydrocortisone-butyrate,New Target,780.99
406,rimexolone,New Target,781.67
407,colchicine,New Target,782.88
408,timolol,New Target,784.54
409,fluorometholone(brd-a13133631),New Target,786.01
410,bifemelane,New Target,786.8
411,moprolol,New Target,787.66
412,scopine,New Target,790.01
413,mitiglinide,New Target,792.04
414,glyburide,New Target,792.97
415,propoxur,New Target,807.54
416,zofenopril-calcium,New Target,809.67
417,alizapride,New Target,811.57
418,carboprost,New Target,817.14
419,triprolidine,New Target,819.43
420,trihexyphenidyl hydrochloride,New Target,823.1
421,cefalonium,New Target,826.46
422,meprednisone,New Target,828.14
423,mefenamic-acid,New Target,836.95
424,ergonovine maleate,New Target,838.31
425,cortisone,New Target,839.7
426,tenofovir-alafenamide,New Target,841.34
427,carvedilol,New Target,849.64
428,tirofiban,New Target,858.75
429,benperidol,New Target,861.2
430,metoclopramide,New Target,861.27
431,tenoxicam,New Target,863.02
432,metoprolol tartrate,New Target,865.37
433,ondansetron,New Target,870.54
434,grapiprant,New Target,872.25
435,apremilast,New Target,878.98
436,tenofovir alafenamide,New Target,893.11
437,pivmecillinam,New Target,904.41
438,tiamulin,New Target,909.73
439,ergonovine,New Target,910.07
440,escitalopram,New Target,910.51
441,epiestriol,New Target,917.08
442,vonoprazan,New Target,920.44
443,lafutidine,New Target,920.97
444,prednisolone-tebutate,New Target,921.26
445,varenicline,New Target,923.94
446,ajmaline,New Target,927.11
447,vinburnine,New Target,930.34
448,tiludronate,New Target,936.24
449,butylscopolamine bromide,New Target,937.77
450,fluoxetine,New Target,938.45
451,florbetaben,New Target,942.23
452,spectinomycin,New Target,947.79
453,ibuproxam,New Target,950.37
454,talniflumate,New Target,951.52
455,cefprozil,New Target,951.67
456,tafamidis-meglumine,New Target,952.78
457,methscopolamine bromide,New Target,956.47
458,methazolamide,New Target,961.78
459,lomerizine,New Target,963.29
460,acotiamide,New Target,964.38
461,dicloxacillin,New Target,966.28
462,diflunisal,New Target,969.82
463,hydrocortisone buteprate,New Target,983.42
464,ketotifen,New Target,986.88
465,nitroscanate,New Target,987.09
466,finafloxacin,New Target,990.49
467,clopamide,New Target,992.06
468,terguride,New Target,997.64
469,pinacidil,New Target,1000.2
470,milrinone,New Target,1000.59
471,meptazinol,New Target,1005.41
472,flunixin-meglumin,New Target,1005.72
473,atomoxetine,New Target,1005.96
474,tirabrutinib,New Target,1012.67
475,valethamate,New Target,1015.59
476,mosapride,New Target,1017.8
477,capsaicin,New Target,1018.92
478,deucravacitinib,New Target,1018.96
479,methotrexate,New Target,1021.24
480,phenyl-salicylate,New Target,1027.89
481,mirtazapine,New Target,1032.96
482,raltegravir,New Target,1033.9
483,flumethasone-pivalate,New Target,1043.36
484,proquazone,New Target,1051.61
485,fursultiamine,New Target,1051.83
486,cloprostenol-(+/-),New Target,1054.39
487,propafenone hydrochloride,New Target,1056.73
488,gestrinone,New Target,1059.8
489,ketotifen,New Target,1061.18
490,darolutamide,New Target,1063.11
491,flortaucipir f18,New Target,1064.98
492,dipt,New Target,1074.55
493,crisaborole,New Target,1075.02
494,dabigatran,New Target,1075.98
495,clenbuterol,New Target,1076.29
496,nicotine bitartrate,New Target,1078.09
497,tirbanibulin,New Target,1078.82
498,imidapril hcl,New Target,1079.42
499,pentostatin,New Target,1080.71
500,setiptiline,New Target,1086.68
501,trandolapril,New Target,1088.89
502,panobinostat,New Target,1094.85
503,tolperisone,New Target,1095.27
504,eltrombopag,New Target,1096.51
505,febuprol,New Target,1098.25
506,opipramol,New Target,1104.8
507,ecothiopate,New Target,1107.75
508,nafcillin,New Target,1111.95
509,talazoparib,New Target,1118.19
510,bendroflumethiazide,New Target,1119.46
511,formoterol,New Target,1127.9
512,cefaclor,New Target,1129.31
513,pipotiazine,New Target,1140.18
514,florbetapir,New Target,1142.2
515,bimatoprost,New Target,1150.34
516,diaveridine,New Target,1157.15
517,eltrombopag,New Target,1159.49
518,cloxacillin,New Target,1162.76
519,ponazuril,New Target,1164.3
520,cilnidipine,New Target,1165.68
521,sulindac,New Target,1168.16
522,desloratadine,New Target,1168.78
523,ramipril,New Target,1172.65
524,torasemide,New Target,1172.72
525,viloxazine,New Target,1173.62
526,trelagliptin,New Target,1175.66
527,sunitinib,New Target,1177.76
528,vaborbactam,New Target,1179.69
529,nicergoline,New Target,1183.43
530,amylmetacresol is a component of strepsis mixture,New Target,1185.62
531,bromperidol,New Target,1185.69
532,cromoglicic-acid,New Target,1187.55
533,meticrane,New Target,1190.27
534,fluoxetine hydrochloride,New Target,1192.48
535,amfebutamone hcl,New Target,1196.47
536,ticarcillin,New Target,1199.56
537,abacavir,New Target,1202.41
538,sitagliptin,New Target,1205.26
539,fluorometholone-acetate,New Target,1205.45
540,megestrol,New Target,1210.09
541,tulobuterol hydrochloride,New Target,1217.57
542,megestrol,New Target,1234.83
543,progesterone,New Target,1239.89
544,methazolamide,New Target,1240.61
545,levocabastine,New Target,1244.54
546,periciazine,New Target,1245.2
547,fipronil,New Target,1254.98
548,tianeptine,New Target,1255.37
549,perindopril,New Target,1256.19
550,glasdegib,New Target,1260.74
551,loracarbef,New Target,1263.04
552,hydroxyprogesterone-acetate,New Target,1263.65
553,tetracycline hcl,New Target,1269.94
554,minocycline hydrochloride,New Target,1271.76
555,biapenem,New Target,1272.22
556,meloxicam,New Target,1275.59
557,fenoldopam hydrochloride,New Target,1283.26
558,imidapril,New Target,1283.76
559,nateglinide,New Target,1284.03
560,indomethacin,New Target,1293.02
561,idebenone,New Target,1297.71
562,levopropoxyphene,New Target,1301.41
563,famciclovir,New Target,1308.45
564,olprinone,New Target,1312.29
565,ibuprofen-piconol,New Target,1314.88
566,darolutamide,New Target,1315.37
567,hydrocortisone,New Target,1315.64
568,lindane,New Target,1320.36
569,imidafenacin,New Target,1324.59
570,desogestrel,New Target,1337.16
571,quinaprilat,New Target,1338.48
572,pranlukast,New Target,1341.47
573,enoxacin,New Target,1348.23
574,treprostinil,New Target,1348.58
575,ranitidine (zantac),New Target,1359.49
576,pivampicillin,New Target,1360.13
577,celecoxib,New Target,1364.76
578,pirlindole,New Target,1367.28
579,medrysone,New Target,1370.91
580,diftalone,New Target,1370.93
581,blonanserin,New Target,1377.9
582,homatropine methylbromide,New Target,1389.04
583,tiaprofenic-acid,New Target,1390.09
584,etifoxine,New Target,1391.11
585,rabeprazole,New Target,1393.26
586,ambroxol,New Target,1397.26
587,mebhydrolin,New Target,1399.43
588,pyrantel,New Target,1401.02
589,nomegestrol-acetate,New Target,1401.87
590,nafamostat,New Target,1409.94
591,aceclofenac,New Target,1410.74
592,avapritinib,New Target,1413.71
593,tiopronin,New Target,1415.21
594,beta-ccb,New Target,1419.09
595,cefetamet,New Target,1422.08
596,5-hydroxytryptophan,New Target,1422.55
597,cortisone-acetate,New Target,1428.23
598,vilanterol,New Target,1428.76
599,celiprolol,New Target,1429.04
600,isoprenaline,New Target,1432.02
601,lisuride,New Target,1436.42
602,troxipide,New Target,1438.35
603,albuterol,New Target,1442.72
604,itopride,New Target,1444.42
605,pyrantel-pamoate,New Target,1454.4
606,faropenem-medoxomil,New Target,1459.95
607,fadrozole,New Target,1465.53
608,clonixin-lysinate,New Target,1471.38
609,bictegravir,New Target,1476.51
610,oxyphenonium,New Target,1477.67
611,pentamidine,New Target,1478.36
612,mabuterol,New Target,1479.48
613,rivaroxaban,New Target,1479.92
614,methantheline,New Target,1488.02
615,estropipate,New Target,1492.96
616,cefadroxil,New Target,1493.75
617,erdafitinib,New Target,1494.68
618,ingenol,New Target,1499.17
619,anastrozole,New Target,1510.1
620,ziprasidone,New Target,1515.48
621,ajmaline,New Target,1519.2
622,cerulenin,New Target,1519.78
623,clodronic-acid,New Target,1520.21
624,furosemide,New Target,1526.03
625,estropipate,New Target,1528.07
626,warfarin,New Target,1534.51
627,anisotropine methylbromide,New Target,1540.0
628,pralatrexate,New Target,1542.02
629,orphenadrine,New Target,1542.16
630,bunazosin,New Target,1545.05
631,primaquine,New Target,1546.6
632,zeranol,New Target,1552.16
633,nitenpyram,New Target,1561.75
634,procaterol,New Target,1565.24
635,sn-38,New Target,1571.32
636,raltitrexed,New Target,1573.42
637,lonidamine,New Target,1577.54
638,adelmidrol,New Target,1581.7
639,hydrocortisone-acetate,New Target,1586.92
640,beta-elemene,New Target,1589.74
641,minocycline,New Target,1598.4
642,pomalidomide,New Target,1601.76
643,maprotiline,New Target,1609.08
644,dasabuvir,New Target,1609.13
645,amantadine,New Target,1620.46
646,alfuzosin,New Target,1622.57
647,propagermanium,New Target,1628.8
648,anagliptin,New Target,1629.72
649,oxybutynin chloride,New Target,1633.08
650,pefloxacin,New Target,1641.77
651,trimipramine,New Target,1644.08
652,berberine,New Target,1644.55
653,moxaverine,New Target,1647.71
654,octisalate,New Target,1647.97
655,protriptyline,New Target,1660.22
656,isoxsuprine,New Target,1663.3
657,ezetimibe,New Target,1663.7
658,thioproperazine,New Target,1664.64
659,toceranib,New Target,1666.11
660,articaine,New Target,1666.4
661,balsalazide disodium,New Target,1668.53
662,acalabrutinib,New Target,1673.16
663,l-theanine,New Target,1674.36
664,cloranolol,New Target,1680.31
665,hycanthone,New Target,1690.25
666,hydrocortisone-phosphate,New Target,1702.92
667,cephalothin,New Target,1703.41
668,caramiphen,New Target,1706.43
669,trandolapril,New Target,1709.24
670,dolutegravir (gsk1349572),New Target,1709.33
671,alizapride hcl,New Target,1712.82
672,clavulanate,New Target,1716.81
673,trazodone,New Target,1717.15
674,quinapril,New Target,1717.82
675,mavacoxib,New Target,1722.67
676,fludroxycortide,New Target,1723.09
677,cabergoline,New Target,1724.53
678,fludroxycortide,New Target,1724.8
679,imepitoin,New Target,1732.76
680,oxacillin,New Target,1739.55
681,lithium-citrate,New Target,1741.09
682,hydrocortisone acetate,New Target,1741.78
683,methicillin,New Target,1745.12
684,medroxyprogesterone-acetate,New Target,1751.77
685,megestrol,New Target,1754.27
686,cilnidipine,New Target,1754.82
687,flurandrenolide,New Target,1759.7
688,bromopride,New Target,1766.07
689,tolbutamide,New Target,1771.34
690,phenylpiracetam,New Target,1774.28
691,epoprostenol sodium,New Target,1781.16
692,naratriptan,New Target,1786.19
693,anisotropine,New Target,1803.54
694,tetramisole,New Target,1808.68
695,isavuconazole,New Target,1808.68
696,tiapride,New Target,1809.37
697,palonosetron,New Target,1812.32
698,benzylpenicillin,New Target,1812.79
699,cefadroxil,New Target,1815.04
700,bisoprolol,New Target,1820.82
701,labetalol hydrochloride,New Target,1821.42
702,droperidol,New Target,1845.59
703,sotalol,New Target,1846.09
704,adefovir,New Target,1848.06
705,peficitinib,New Target,1867.01
706,xipamide,New Target,1880.5
707,bupropion,New Target,1886.94
708,lodoxamide,New Target,1895.54
709,chlormidazole,New Target,1902.94
710,ceftizoxim,New Target,1909.14
711,ivabradine hcl,New Target,1915.84
712,guggulsterone,New Target,1917.34
713,chlorpropamide,New Target,1922.78
714,ataluren,New Target,1924.85
715,bromantan,New Target,1925.27
716,dihydroartemisinin,New Target,1927.33
717,propranolol hydrochloride,New Target,1929.74
718,citalopram,New Target,1933.72
719,carbetapentane,New Target,1941.08
720,limaprost-alfadex,New Target,1945.05
721,carmofur,New Target,1955.33
722,quinagolide,New Target,1957.26
723,balsalazide,New Target,1957.59
724,clorofene,New Target,1971.97
725,guacetisal,New Target,1984.98
726,eucalyptol,New Target,1994.57
727,stetaderm,New Target,1996.26
728,selegiline,New Target,1998.33
729,enilconazole,New Target,1999.25
730,migalastat,New Target,2002.15
731,acetylcysteine,New Target,2002.44
732,fenthion,New Target,2003.48
733,chiniofon,New Target,2006.61
734,carbinoxamine,New Target,2008.89
735,cevimeline hydrochloride,New Target,2009.01
736,silibinin,New Target,2016.82
737,l-theanine,New Target,2017.27
738,epoprostenol,New Target,2023.41
739,ivabradine,New Target,2031.67
740,mecamylamine,New Target,2033.67
741,lobenzarit,New Target,2035.5
742,niflumic-acid,New Target,2036.93
743,belzutifan,New Target,2050.71
744,yohimbine,New Target,2058.12
745,trioxsalen,New Target,2061.33
746,amlexanox,New Target,2071.76
747,clonidine,New Target,2072.06
748,propranolol,New Target,2076.55
749,hexylcaine,New Target,2077.44
750,mecamylamine hydrochloride,New Target,2082.21
751,fosinoprilat,New Target,2084.57
752,dapoxetine,New Target,2094.35
753,olanzapine,New Target,2106.72
754,loxoprofen,New Target,2113.77
755,norfloxacin,New Target,2117.09
756,cleviprex,New Target,2122.04
757,disopyramide,New Target,2127.47
758,albendazole-oxide,New Target,2128.45
759,floctafenine,New Target,2130.72
760,betaxolol,New Target,2135.32
761,piroxicam,New Target,2135.64
762,padimate o,New Target,2151.28
763,axitinib,New Target,2152.62
764,ezetimibe,New Target,2156.32
765,nomifensine,New Target,2158.32
766,isavuconazole,New Target,2161.6
767,doxycycline hcl,New Target,2164.91
768,morniflumate,New Target,2171.26
769,quetiapine,New Target,2176.11
770,piretanide,New Target,2176.58
771,tamibarotene,New Target,2178.86
772,pentostatin,New Target,2187.04
773,pranoprofen,New Target,2198.88
774,ranitidine,New Target,2198.98
775,amtolmetin-guacil,New Target,2206.3
776,nateglinide,New Target,2207.39
777,tropicamide,New Target,2215.71
778,silymarin,New Target,2221.29
779,mefloquine,New Target,2225.06
780,difloxacin,New Target,2232.85
781,flutemetamol,New Target,2235.39
782,azaperone,New Target,2236.32
783,oxybutynin,New Target,2254.14
784,ceramide,New Target,2255.26
785,carbidopa,New Target,2261.81
786,piroctone-olamine,New Target,2262.03
787,ifenprodil,New Target,2265.0
788,acetophenazine,New Target,2270.71
789,medroxyprogesterone acetate,New Target,2272.31
790,ruxolitinib,New Target,2278.02
791,urapidil,New Target,2286.25
792,bempedoic-acid,New Target,2297.32
793,voxelotor,New Target,2300.61
794,ketorolac,New Target,2307.22
795,piperonyl-butoxide,New Target,2312.28
796,baricitinib,New Target,2328.17
797,betaxolol hydrochloride,New Target,2333.82
798,dimetindene,New Target,2346.71
799,cloperastine,New Target,2349.86
800,maprotiline hcl,New Target,2372.43
801,meclofenamic-acid,New Target,2386.3
802,flavoxate,New Target,2388.48
803,racepinephrine,New Target,2390.16
804,zaltoprofen,New Target,2394.83
805,cyamemazine,New Target,2397.28
806,oxymetazoline,New Target,2409.29
807,dexlansoprazole,New Target,2411.9
808,nedocromil,New Target,2413.74
809,segesterone-acetate,New Target,2419.45
810,segesterone,New Target,2420.27
811,succinylcholine-chloride,New Target,2425.86
812,phenyl-aminosalicylate,New Target,2453.97
813,rasagiline,New Target,2464.95
814,cibenzoline,New Target,2465.47
815,ingenol-mebutate,New Target,2471.35
816,xylometazoline,New Target,2477.25
817,lansoprazole,New Target,2477.85
818,cevimeline,New Target,2488.06
819,l-cystine,New Target,2489.4
820,thiopental,New Target,2496.71
821,loxapine,New Target,2505.73
822,pantoprazole (sodium),New Target,2509.43
823,acetylcholine,New Target,2517.24
824,efinaconazole,New Target,2546.12
825,carbidopa,New Target,2547.35
826,gabexate,New Target,2552.26
827,trifluoperazine,New Target,2556.93
828,palbociclib,New Target,2557.01
829,phenoxybenzamine,New Target,2566.75
830,amorolfine,New Target,2573.22
831,eprosartan,New Target,2574.45
832,serotonin,New Target,2584.4
833,podophyllotoxin,New Target,2599.05
834,lansoprazole,New Target,2610.61
835,upadacitinib,New Target,2619.06
836,lomefloxacin hcl,New Target,2619.6
837,ketorolac tromethamine,New Target,2620.52
838,mefloquine,New Target,2625.78
839,alogliptin,New Target,2628.99
840,selinexor,New Target,2635.88
841,amoxicillin,New Target,2642.63
842,alogliptin benzoate,New Target,2645.79
843,lomefloxacin,New Target,2650.28
844,pantoprazole,New Target,2653.47
845,sulphadimethoxine,New Target,2654.34
846,didanosine,New Target,2655.11
847,cefixime,New Target,2655.49
848,imiquimod,New Target,2658.0
849,chlorothiazide,New Target,2659.07
850,phloretin,New Target,2661.81
851,fleroxacin,New Target,2684.42
852,procarbazine,New Target,2686.31
853,bevantolol,New Target,2689.94
854,rilmenidine,New Target,2690.44
855,estrone,New Target,2694.34
856,triacetin,New Target,2695.13
857,cyproterone-acetate,New Target,2700.06
858,papaverine,New Target,2707.61
859,nimesulide,New Target,2708.14
860,tromaril,New Target,2709.34
861,pantoprazole,New Target,2729.68
862,dolutegravir,New Target,2734.92
863,aztreonam,New Target,2737.72
864,tenofovir,New Target,2751.97
865,ranitidine,New Target,2761.83
866,tetrahydrozoline,New Target,2762.28
867,netarsudil,New Target,2762.5
868,paroxetine,New Target,2763.14
869,dithranol,New Target,2775.29
870,ulifloxacin,New Target,2783.35
871,carbenicillin,New Target,2785.73
872,olanexidine,New Target,2789.04
873,entacapone,New Target,2805.21
874,methylene-blue,New Target,2827.34
875,temocapril,New Target,2846.69
876,ethynodiol-diacetate,New Target,2847.01
877,promethazine,New Target,2885.99
878,escitalopram oxalate,New Target,2888.56
879,uridine-triacetate,New Target,2888.58
880,sodium-tetradecyl-sulfate,New Target,2912.35
881,dicycloverine,New Target,2935.1
882,pitolisant,New Target,2936.93
883,talinolol,New Target,2938.18
884,demeclocycline,New Target,2941.54
885,lubiprostone,New Target,2946.45
886,dipivefrine,New Target,2960.29
887,alibendol,New Target,2966.26
888,doxapram,New Target,2977.1
889,mitomycin-c,New Target,2979.09
890,thiothixene,New Target,2987.02
891,stepronin,New Target,2992.86
892,flupentixol,New Target,3020.25
893,melphalan flufenamide,New Target,3038.47
894,trimipramine maleate,New Target,3038.52
895,promazine,New Target,3040.91
896,acebutolol hydrochloride,New Target,3042.51
897,efinaconazole,New Target,3054.35
898,cefradine,New Target,3055.65
899,phenprocoumon,New Target,3064.67
900,exemestane,New Target,3072.24
901,selegiline hydrochloride,New Target,3075.59
902,valganciclovir hydrochloride,New Target,3082.28
903,amsacrine,New Target,3095.91
904,dolasetron,New Target,3111.26
905,cephradine,New Target,3115.38
906,warfarin,New Target,3129.01
907,piperacetazine,New Target,3139.12
908,octinoxate,New Target,3141.28
909,gefitinib,New Target,3143.5
910,ftorafur,New Target,3151.51
911,anecortave-acetate,New Target,3157.27
912,ciclopirox,New Target,3159.45
913,buphenine,New Target,3181.87
914,crystal violet,New Target,3185.3
915,naproxen,New Target,3189.74
916,chlorphenamine,New Target,3216.33
917,rosuvastatin,New Target,3218.51
918,flumazenil,New Target,3236.42
919,flutamide,New Target,3248.64
920,silver-sulfadiazine,New Target,3252.81
921,pretomanid,New Target,3260.79
922,nitrendipine,New Target,3264.73
923,epalrestat,New Target,3268.99
924,fruquintinib,New Target,3269.09
925,melphalan flufenamide,New Target,3283.41
926,brivudine,New Target,3300.27
927,metyrapone,New Target,3312.14
928,fenspiride,New Target,3329.89
929,hydroflumethiazide,New Target,3330.39
930,anethole-trithione,New Target,3331.48
931,ramatroban,New Target,3348.18
932,vildagliptin,New Target,3356.69
933,naphazoline,New Target,3373.43
934,oxaprozin,New Target,3378.54
935,capecitabine,New Target,3384.48
936,ertugliflozin,New Target,3384.79
937,acebutolol,New Target,3408.22
938,drotaverine,New Target,3409.69
939,vildagliptin (laf-237),New Target,3410.97
940,enoximone,New Target,3426.01
941,oxethazaine,New Target,3443.24
942,octisalate,New Target,3481.37
943,alimemazine,New Target,3486.71
944,gemcitabine,New Target,3495.3
945,rufloxacin,New Target,3499.6
946,gemifloxacin,New Target,3505.51
947,acemetacin,New Target,3508.71
948,enalaprilat,New Target,3514.37
949,pirenzepine,New Target,3540.88
950,treosulfan,New Target,3557.24
951,dimenhydrinate,New Target,3558.9
952,butylphthalide,New Target,3562.87
953,propylthiouracil,New Target,3569.0
954,carbamazepine,New Target,3572.57
955,acepromazine,New Target,3580.62
956,etamsylate,New Target,3591.72
957,hydroxychloroquine sulfate,New Target,3610.46
958,rosiglitazone maleate,New Target,3611.82
959,empagliflozin,New Target,3620.82
960,clorprenaline,New Target,3627.64
961,duloxetine,New Target,3636.86
962,bumetanide,New Target,3640.35
963,polythiazide,New Target,3643.5
964,flubendazole,New Target,3643.73
965,fluphenazine,New Target,3656.22
966,drospirenone,New Target,3691.92
967,tofacitinib,New Target,3695.02
968,dexchlorpheniramine,New Target,3696.97
969,pramoxine,New Target,3717.17
970,iloperidone,New Target,3739.1
971,dinoprost,New Target,3741.19
972,mizolastine,New Target,3742.08
973,cefepime,New Target,3763.02
974,cladribine,New Target,3771.07
975,pheniramine,New Target,3773.81
976,thiothixene,New Target,3777.83
977,lincomycin hcl,New Target,3782.63
978,quercetin,New Target,3793.82
979,methyl-salicylate,New Target,3804.06
980,cyclothiazide,New Target,3804.87
981,lincomycin hydrochloride,New Target,3807.8
982,levobetaxolol,New Target,3820.95
983,sodium-nitroprusside,New Target,3832.25
984,propiverine,New Target,3833.7
985,tedizolid,New Target,3839.51
986,lenalidomide,New Target,3860.01
987,ofloxacin (floxin),New Target,3862.0
988,imatinib,New Target,3879.34
989,fenbendazole,New Target,3895.49
990,ramifenazone,New Target,3898.01
991,cefathiamidine,New Target,3901.04
992,guaiacol,New Target,3912.68
993,nefopam,New Target,3945.84
994,valaciclovir,New Target,3946.93
995,tedizolid-phosphate,New Target,3947.86
996,piroxicam,New Target,3951.55
997,flopropione,New Target,3956.41
998,brompheniramine,New Target,3963.46
999,biotin,New Target,3978.43
1000,tolazoline,New Target,3984.37
1001,pf-04971729,New Target,3992.89
1002,sumatriptan,New Target,4000.42
1003,primaquine phosphate,New Target,4015.46
1004,nilvadipine,New Target,4023.4
1005,pamabrom,New Target,4034.0
1006,nepafenac,New Target,4042.74
1007,butacaine,New Target,4044.31
1008,nicardipine,New Target,4047.83
1009,esmolol,New Target,4053.13
1010,cefepime,New Target,4055.57
1011,ipriflavone,New Target,4063.64
1012,cantharidin,New Target,4084.16
1013,tecovirimat,New Target,4088.04
1014,methyclothiazide,New Target,4102.59
1015,fluconazole,New Target,4103.8
1016,benzydamine,New Target,4106.33
1017,etravirine,New Target,4108.05
1018,ofloxacin,New Target,4128.48
1019,eupatilin,New Target,4143.59
1020,camylofine-chlorhydrate,New Target,4172.26
1021,metaxalone,New Target,4173.11
1022,aminophylline,New Target,4173.74
1023,procainamide,New Target,4173.91
1024,chlormadinone acetate,New Target,4176.38
1025,heptaminol,New Target,4186.01
1026,binimetinib,New Target,4192.27
1027,avibactam,New Target,4209.75
1028,enalapril,New Target,4215.13
1029,trimethoquinol,New Target,4216.66
1030,anlotinib,New Target,4233.32
1031,clotiapine,New Target,4255.69
1032,sulisobenzone,New Target,4263.93
1033,vortioxetine,New Target,4265.94
1034,chloroxine,New Target,4326.61
1035,balofloxacin,New Target,4327.8
1036,clindamycin,New Target,4329.9
1037,letosteine,New Target,4350.02
1038,monosodium-alpha-luminol,New Target,4361.85
1039,iguratimod,New Target,4375.97
1040,risedronate,New Target,4377.5
1041,croconazole,New Target,4385.26
1042,hexestrol,New Target,4399.74
1043,pyrithione-zinc,New Target,4407.78
1044,brimonidine,New Target,4430.3
1045,benazepril,New Target,4431.14
1046,dasatinib,New Target,4443.54
1047,hydroxychloroquine,New Target,4458.4
1048,nifekalant,New Target,4466.47
1049,furaltadone,New Target,4472.74
1050,etacrynic-acid,New Target,4483.37
1051,barnidipine,New Target,4488.58
1052,tolmetin,New Target,4495.83
1053,afloqualone,New Target,4510.29
1054,ganciclovir,New Target,4511.47
1055,proxyphylline,New Target,4519.55
1056,methoxamine,New Target,4519.73
1057,ethenzamide,New Target,4527.68
1058,firocoxib,New Target,4535.61
1059,omeprazole,New Target,4553.63
1060,eslicarbazepine-acetate,New Target,4561.49
1061,safinamide,New Target,4564.49
1062,megestrol-acetate,New Target,4590.01
1063,chlorpheniramine maleate,New Target,4619.94
1064,misoprostol,New Target,4621.48
1065,aniracetam,New Target,4621.91
1066,gliclazide,New Target,4636.36
1067,lincomycin,New Target,4650.0
1068,ranolazine,New Target,4650.38
1069,desvenlafaxine,New Target,4650.77
1070,betrixaban,New Target,4662.84
1071,emtricitabine,New Target,4665.91
1072,ampicillin,New Target,4677.88
1073,artemotil,New Target,4680.76
1074,brompheniramine maleate,New Target,4684.51
1075,levofloxacin,New Target,4695.72
1076,esomeprazole,New Target,4706.48
1077,sulbactam,New Target,4741.33
1078,propylhexedrine,New Target,4745.85
1079,ranolazine,New Target,4753.57
1080,etoricoxib,New Target,4756.29
1081,vesnarinone,New Target,4782.89
1082,hexylresorcinol,New Target,4801.28
1083,cyromazine,New Target,4818.73
1084,esmolol hcl,New Target,4876.45
1085,probenecid,New Target,4879.27
1086,niclosamide,New Target,4881.73
1087,bopindolol,New Target,4903.01
1088,trofosfamide,New Target,4926.55
1089,furaltadone hcl,New Target,4932.8
1090,alacepril,New Target,4935.84
1091,chloroquine,New Target,4941.12
1092,phthalylsulfathiazole,New Target,4946.62
1093,propoxycaine,New Target,4948.3
1094,sulfinpyrazone,New Target,4948.84
1095,sulfinpyrazone,New Target,4951.09
1096,sulpiride,New Target,4954.62
1097,nizofenone,New Target,4963.49
1098,tinazoline,New Target,4969.89
1099,duvelisib,New Target,4974.45
1100,erlotinib,New Target,4978.18
1101,valnoctamide,New Target,4982.94
1102,tegafur,New Target,4988.37
1103,pioglitazone hydrochloride,New Target,5000.9
1104,afatinib,New Target,5005.09
1105,quinine-ethyl-carbonate,New Target,5007.29
1106,pioglitazone,New Target,5018.79
1107,levomepromazine,New Target,5019.1
1108,atipamezole,New Target,5038.69
1109,etidronic-acid,New Target,5042.29
1110,octinoxate,New Target,5052.3
1111,azlocillin,New Target,5077.61
1112,canagliflozin,New Target,5103.92
1113,propantheline,New Target,5106.63
1114,oxcarbazepine,New Target,5118.84
1115,carbaril,New Target,5124.71
1116,asenapine maleate,New Target,5128.1
1117,niridazole,New Target,5142.94
1118,methyldopa,New Target,5162.59
1119,tilorone,New Target,5194.48
1120,carbinoxamine maleate,New Target,5219.4
1121,carbarsone,New Target,5230.37
1122,sulfabenzamide,New Target,5239.06
1123,levetiracetam,New Target,5266.8
1124,icotinib,New Target,5290.11
1125,minodronic-acid,New Target,5324.32
1126,azlocillin sodium salt,New Target,5340.22
1127,mephenytoin,New Target,5357.3
1128,amifostine,New Target,5358.4
1129,amprolium,New Target,5364.21
1130,climbazole,New Target,5366.13
1131,idelalisib,New Target,5387.09
1132,tetracaine,New Target,5401.27
1133,ciprofloxacin,New Target,5418.02
1134,ethosuximide,New Target,5463.45
1135,hexaminolevulinate,New Target,5465.55
1136,voriconazole,New Target,5474.44
1137,moclobemide,New Target,5487.11
1138,amiloride,New Target,5488.3
1139,tripelennamine,New Target,5534.74
1140,imidacloprid,New Target,5549.14
1141,pizotifen,New Target,5572.95
1142,diltiazem,New Target,5611.98
1143,tolonium,New Target,5616.63
1144,methocarbamol,New Target,5634.06
1145,rimantadine hydrochloride,New Target,5692.88
1146,trepibutone,New Target,5693.5
1147,cephalexin,New Target,5701.64
1148,pivagabine,New Target,5742.52
1149,salicylamide,New Target,5743.22
1150,cilostazol,New Target,5758.02
1151,doravirine,New Target,5781.86
1152,anethole,New Target,5800.11
1153,primidone,New Target,5800.9
1154,bacampicillin,New Target,5856.77
1155,mepivacaine,New Target,5863.52
1156,pimobendan,New Target,5867.14
1157,diphenhydramine,New Target,5894.1
1158,bromhexine,New Target,5896.35
1159,bupivacaine hydrochloride,New Target,5920.24
1160,mebicar,New Target,5946.12
1161,penciclovir,New Target,5949.32
1162,trimebutine,New Target,5954.75
1163,clemizole,New Target,5984.34
1164,thioguanine,New Target,5985.95
1165,medetomidine,New Target,6000.47
1166,ceftibuten,New Target,6016.67
1167,isradipine,New Target,6023.6
1168,bendazol,New Target,6074.0
1169,aklomide,New Target,6101.47
1170,ractopamine hcl,New Target,6111.43
1171,hexestrol,New Target,6117.18
1172,pridinol,New Target,6136.23
1173,levobupivacaine,New Target,6154.67
1174,propylparaben,New Target,6162.13
1175,bezafibrate,New Target,6171.26
1176,trimebutine maleate,New Target,6182.26
1177,bupivacaine,New Target,6190.25
1178,lanoconazole,New Target,6206.59
1179,etofenamate,New Target,6207.87
1180,irsogladine,New Target,6211.37
1181,iloprost,New Target,6221.45
1182,phenethicillin,New Target,6241.66
1183,proxymetacaine,New Target,6244.28
1184,talipexole,New Target,6248.68
1185,teriflunomide,New Target,6258.33
1186,bepotastine,New Target,6326.43
1187,fomocaine,New Target,6335.51
1188,tosufloxacin,New Target,6359.38
1189,lovastatin,New Target,6373.32
1190,sarafloxacin,New Target,6386.57
1191,pempidine,New Target,6401.22
1192,chlorquinaldol,New Target,6401.47
1193,acetyl-farnesyl-cysteine,New Target,6419.19
1194,relebactam,New Target,6423.13
1195,milnacipran,New Target,6440.71
1196,mofezolac,New Target,6471.91
1197,oxybenzone,New Target,6486.39
1198,l-arginine,New Target,6504.43
1199,doxofylline,New Target,6513.24
1200,pravastatin,New Target,6529.38
1201,sobrepin,New Target,6543.74
1202,paramethadione,New Target,6553.35
1203,entecavir,New Target,6555.88
1204,obidoxime,New Target,6558.03
1205,artesunate,New Target,6558.34
1206,lisinopril,New Target,6584.9
1207,busulfan,New Target,6590.69
1208,zilpaterol,New Target,6590.86
1209,denotivir,New Target,6594.04
1210,pramipexole,New Target,6600.63
1211,phenylbenzimidazole-sulfonic-acid,New Target,6601.32
1212,penicillin-v-potassium,New Target,6604.17
1213,iobenguane,New Target,6612.37
1214,rimantadine,New Target,6616.3
1215,aprindine,New Target,6625.7
1216,fingolimod,New Target,6631.5
1217,ractopamine,New Target,6639.37
1218,pemigatinib,New Target,6684.84
1219,carbimazole,New Target,6685.34
1220,sulfamethizole,New Target,6697.17
1221,ibuprofen,New Target,6721.69
1222,vismodegib,New Target,6724.23
1223,oxibendazole,New Target,6773.6
1224,tavaborole,New Target,6813.95
1225,norepinephrine,New Target,6815.89
1226,lacidipine,New Target,6827.19
1227,moxonidine,New Target,6853.3
1228,tosufloxacin,New Target,6884.3
1229,hydralazine,New Target,6914.39
1230,oxyfedrine,New Target,6915.72
1231,menbutone,New Target,6926.15
1232,cyclopenthiazide,New Target,6935.07
1233,beta-hydroxy-beta-methylbutyrate,New Target,6941.72
1234,acenocoumarol,New Target,6958.1
1235,pravastatin sodium,New Target,6960.2
1236,sulfisoxazole-acetyl,New Target,7011.04
1237,amitraz,New Target,7039.69
1238,osilodrostat,New Target,7048.44
1239,sulfaguanidine,New Target,7071.95
1240,iomazenil,New Target,7111.81
1241,ozagrel,New Target,7164.93
1242,anecortave-acetate,New Target,7217.81
1243,tocainide hydrochloride,New Target,7220.84
1244,bretylium,New Target,7251.21
1245,ursodiol,New Target,7270.03
1246,clorsulon,New Target,7278.44
1247,gemfibrozil,New Target,7279.59
1248,liranaftate,New Target,7335.87
1249,pilocarpine,New Target,7338.18
1250,milnacipran hydrochloride,New Target,7361.69
1251,potassium-canrenoate,New Target,7365.61
1252,lesinurad,New Target,7365.91
1253,melatonin,New Target,7385.32
1254,sulbactam,New Target,7390.33
1255,bilastine,New Target,7402.51
1256,fluvastatin,New Target,7485.03
1257,hydrochlorothiazide,New Target,7485.45
1258,ibuprofen-(s),New Target,7494.56
1259,amoxapine,New Target,7525.33
1260,chenodeoxycholic-acid,New Target,7526.85
1261,larotrectinib,New Target,7528.3
1262,diacerein,New Target,7540.76
1263,albuterol,New Target,7545.04
1264,isopentyl-4-methoxycinnamate,New Target,7550.01
1265,nalidixic-acid,New Target,7555.06
1266,aminopentamide,New Target,7578.1
1267,cholic-acid,New Target,7610.78
1268,tioguanine,New Target,7637.44
1269,almitrine,New Target,7640.05
1270,methacholine,New Target,7645.0
1271,felodipine,New Target,7659.21
1272,cefoxitin,New Target,7666.32
1273,taltirelin,New Target,7675.66
1274,dyclonine,New Target,7698.21
1275,ubenimex,New Target,7705.18
1276,theobromine,New Target,7747.9
1277,tocainide,New Target,7827.27
1278,meclofenoxate,New Target,7848.28
1279,sarpogrelate,New Target,7877.6
1280,phenacaine,New Target,7894.03
1281,apixaban,New Target,7898.98
1282,brolitene,New Target,7902.34
1283,prochlorperazine,New Target,7903.09
1284,oxantel,New Target,7940.21
1285,dyphylline,New Target,7979.93
1286,efavirenz,New Target,7998.6
1287,guanadrel,New Target,8109.51
1288,zileuton,New Target,8136.96
1289,eprobemide,New Target,8148.91
1290,cyclopentolate,New Target,8168.2
1291,temozolomide,New Target,8231.57
1292,mesoridazine,New Target,8249.07
1293,decamethonium,New Target,8253.99
1294,thiamylal,New Target,8278.52
1295,thymol,New Target,8286.29
1296,masoprocol,New Target,8292.65
1297,ilaprazole,New Target,8306.51
1298,desvenlafaxine,New Target,8310.32
1299,romifidine,New Target,8341.16
1300,chlorpromazine,New Target,8360.67
1301,pilsicainide,New Target,8405.59
1302,denopamine,New Target,8421.3
1303,lidamidine,New Target,8425.47
1304,ropivacaine,New Target,8434.22
1305,deoxycholic-acid,New Target,8443.08
1306,synephrine (oxedrine),New Target,8462.34
1307,dexmedetomidine,New Target,8478.77
1308,mirabegron,New Target,8495.26
1309,etofylline,New Target,8538.57
1310,piracetam,New Target,8562.84
1311,methyldopate,New Target,8594.94
1312,oxfendazole,New Target,8609.46
1313,dantrolene,New Target,8622.63
1314,uracil-mustard,New Target,8633.72
1315,naftifine,New Target,8641.71
1316,ascorbic-acid,New Target,8651.13
1317,etofylline-clofibrate,New Target,8669.53
1318,alverine,New Target,8720.88
1319,diphenidol,New Target,8731.1
1320,n-acetylcarnosine,New Target,8751.11
1321,acetyl-l-leucine,New Target,8790.97
1322,carbendazim,New Target,8791.99
1323,eugenol,New Target,8806.0
1324,acetohexamide,New Target,8811.66
1325,sorbic-acid,New Target,8824.86
1326,sulbactam-pivoxil,New Target,8864.81
1327,cefamandole,New Target,8911.8
1328,captopril,New Target,8912.1
1329,sarecycline,New Target,8935.08
1330,methsuximide,New Target,8936.94
1331,bemegride,New Target,8954.12
1332,diethyltoluamide,New Target,8967.7
1333,stavudine,New Target,8968.26
1334,prednisolone-acetate,New Target,8984.88
1335,l-arginine hcl,New Target,8993.32
1336,isopropamide-iodide,New Target,9049.63
1337,flibanserin,New Target,9074.45
1338,doxylamine,New Target,9076.44
1339,hydroxyamphetamine,New Target,9107.68
1340,suplatast,New Target,9145.62
1341,piketoprofen,New Target,9156.38
1342,doxylamine succinate,New Target,9164.48
1343,glimepiride,New Target,9166.16
1344,letrozole,New Target,9181.36
1345,tuaminoheptane,New Target,9199.77
1346,dobutamine,New Target,9203.41
1347,atenolol-(-),New Target,9204.24
1348,pyrethrins,New Target,9223.25
1349,atenolol-(+/-),New Target,9267.92
1350,lisadimate,New Target,9357.58
1351,dipyrocetyl,New Target,9359.45
1352,floxuridine,New Target,9361.8
1353,topiroxostat,New Target,9380.33
1354,bambuterol,New Target,9380.65
1355,ifenprodil tartrate,New Target,9463.05
1356,crystal-violet,New Target,9480.24
1357,amperozide,New Target,9481.6
1358,perphenazine,New Target,9485.16
1359,amdinocillin,New Target,9493.0
1360,biperiden,New Target,9493.62
1361,triamcinolone,New Target,9499.65
1362,3-bromocamphor,New Target,9516.4
1363,linezolid,New Target,9527.6
1364,antazoline,New Target,9533.85
1365,bambuterol,New Target,9555.48
1366,docusate,New Target,9592.71
1367,malic-acid,New Target,9609.62
1368,quinine,New Target,9626.98
1369,pentoxifylline,New Target,9629.86
1370,riluzole,New Target,9631.76
1371,choline-alfoscerate,New Target,9647.68
1372,biperiden hcl,New Target,9650.14
1373,methylthiouracil,New Target,9656.77
1374,minoxidil,New Target,9684.89
1375,bisacodyl,New Target,9749.67
1376,chromium-picolinate,New Target,9756.5
1377,diethylcarbamazine,New Target,9771.29
1378,chlorphenesin,New Target,9824.57
1379,cyclandelate,New Target,9832.1
1380,bismuth-subgallate,New Target,9860.56
1381,apraclonidine,New Target,9888.83
1382,dropropizine,New Target,9931.79
1383,flupirtine,New Target,9950.87
1384,betamipron,New Target,9975.25
1385,pirenoxine,New Target,9991.44
1386,quinine,New Target,10011.38
1387,epirizole,New Target,10013.82
1388,nitazoxanide,New Target,10019.72
1389,edrophonium,New Target,10061.0
1390,etomidate,New Target,10113.32
1391,amrinone,New Target,10125.58
1392,isocarboxazid,New Target,10138.47
1393,miglustat,New Target,10142.89
1394,l-hydroxyproline,New Target,10176.69
1395,l-citrulline,New Target,10181.01
1396,tranexamic-acid,New Target,10181.49
1397,nisoldipine,New Target,10182.11
1398,prednisolone acetate,New Target,10204.67
1399,psoralen,New Target,10210.85
1400,isosorbide,New Target,10222.26
1401,mafenide,New Target,10228.5
1402,epinephrine,New Target,10235.89
1403,budipine,New Target,10262.0
1404,sevoflurane,New Target,10264.27
1405,azathioprine,New Target,10291.18
1406,nisoldipine,New Target,10303.82
1407,carbachol,New Target,10439.38
1408,vigabatrin,New Target,10448.18
1409,potassium-p-aminobenzoate,New Target,10464.9
1410,clopidol,New Target,10494.89
1411,etilefrine,New Target,10502.67
1412,eliglustat,New Target,10515.47
1413,lidocaine,New Target,10538.72
1414,trolox,New Target,10634.62
1415,clorotepine,New Target,10658.25
1416,haloprogin,New Target,10660.33
1417,flurbiprofen-(+/-),New Target,10711.11
1418,cilazapril monohydrate,New Target,10711.75
1419,buflomedil,New Target,10741.77
1420,quinidine,New Target,10787.41
1421,tiaramide,New Target,10805.76
1422,hydroquinidine,New Target,10824.42
1423,pargyline,New Target,10841.23
1424,dimethisoquin,New Target,10848.05
1425,flurbiprofen-(s)-(+),New Target,10879.76
1426,pixantrone,New Target,10894.96
1427,ramosetron,New Target,10901.96
1428,cilazapril,New Target,10949.96
1429,metirosine,New Target,10989.64
1430,dapagliflozin,New Target,11017.01
1431,sulfanitran,New Target,11025.44
1432,nonoxinol 9,New Target,11032.32
1433,metformin,New Target,11050.26
1434,anagrelide,New Target,11064.87
1435,caffeine,New Target,11093.35
1436,formestane,New Target,11130.17
1437,halothane,New Target,11132.31
1438,pramiracetam,New Target,11152.79
1439,benznidazole,New Target,11181.49
1440,sasapyrine,New Target,11226.27
1441,ethotoin,New Target,11243.32
1442,pimavanserin,New Target,11251.16
1443,debrisoquin,New Target,11251.92
1444,pemirolast,New Target,11300.26
1445,memantine,New Target,11328.99
1446,timonacic,New Target,11347.24
1447,thiram,New Target,11370.45
1448,tolfenamic-acid,New Target,11390.74
1449,flurbiprofen-axetil,New Target,11391.39
1450,trapidil,New Target,11426.26
1451,nitrofurantoin,New Target,11446.05
1452,tridihexethyl,New Target,11458.8
1453,edoxudine,New Target,11483.34
1454,clofedanol,New Target,11486.24
1455,lobeline,New Target,11526.39
1456,dipeptamin,New Target,11554.14
1457,rivastigmine,New Target,11556.18
1458,kinetin,New Target,11697.6
1459,clofarabine,New Target,11778.76
1460,lobeline hydrochloride,New Target,11814.74
1461,levodropropizine,New Target,11827.53
1462,guaifenesin,New Target,11859.11
1463,fosfomycin calcium,New Target,12015.54
1464,tranilast,New Target,12064.89
1465,acyclovir,New Target,12083.53
1466,protionamide,New Target,12083.56
1467,cabagin,New Target,12088.74
1468,cadralazine,New Target,12111.62
1469,sulfaquinoxaline,New Target,12113.79
1470,carbadox,New Target,12121.41
1471,5-fluorouracil,New Target,12139.38
1472,chlorphensin-carbamate,New Target,12192.74
1473,acedapsone,New Target,12215.4
1474,hydroquinidine,New Target,12219.08
1475,hesperetin,New Target,12231.71
1476,venlafaxine,New Target,12283.16
1477,fosfomycin,New Target,12292.1
1478,bethanechol,New Target,12292.96
1479,droxidopa,New Target,12298.12
1480,nefopam,New Target,12380.85
1481,sulfathiazole,New Target,12407.81
1482,sodium-picosulfate,New Target,12448.43
1483,ibutilide,New Target,12495.68
1484,physostigmine,New Target,12539.55
1485,amrubicin,New Target,12544.63
1486,adiphenine,New Target,12569.53
1487,valganciclovir,New Target,12583.32
1488,thioctic-acid,New Target,12644.49
1489,pimobendan,New Target,12732.35
1490,oseltamivir-phosphate,New Target,12732.48
1491,tinoridine,New Target,12892.87
1492,propofol,New Target,12924.01
1493,cinchophen,New Target,12947.11
1494,furazolidone,New Target,12961.6
1495,eplerenone,New Target,12970.17
1496,metaproterenol,New Target,13003.69
1497,methyl-aminolevulinate,New Target,13014.62
1498,sulfamonomethoxine,New Target,13022.14
1499,amezinium,New Target,13103.68
1500,ropinirole,New Target,13124.04
1501,mebrofenin,New Target,13125.57
1502,floxuridine,New Target,13181.4
1503,ectoine,New Target,13204.28
1504,creatinol-phosphate,New Target,13261.79
1505,albendazole,New Target,13338.18
1506,disulfiram,New Target,13344.15
1507,prilocaine,New Target,13352.08
1508,imipramine,New Target,13367.85
1509,quinethazone,New Target,13387.13
1510,pyrethrins,New Target,13434.2
1511,dinotefuran,New Target,13452.83
1512,levomenthol,New Target,13453.79
1513,leflunomide,New Target,13468.12
1514,diclazuril,New Target,13551.27
1515,prilocaine hydrochloride,New Target,13564.78
1516,melevodopa,New Target,13564.82
1517,meglutol,New Target,13568.2
1518,nicorandil,New Target,13592.62
1519,guanethidine,New Target,13647.6
1520,lamivudine,New Target,13665.19
1521,2-hydroxyethyl-salicylate,New Target,13683.48
1522,tranylcypromine,New Target,13753.37
1523,guanfacine,New Target,13775.25
1524,acamprosate,New Target,13802.24
1525,sodium-ascorbate,New Target,13899.94
1526,zalcitabine,New Target,13917.07
1527,amlodipine besylate (norvasc),New Target,13961.64
1528,synephrine,New Target,13972.42
1529,ethopabate,New Target,14015.9
1530,lamivudine,New Target,14036.2
1531,acitazanolast,New Target,14096.18
1532,crotamiton,New Target,14103.88
1533,amlodipine,New Target,14113.8
1534,oxelaidin,New Target,14116.4
1535,belinostat,New Target,14119.7
1536,metomidate,New Target,14154.86
1537,memantine hcl,New Target,14224.39
1538,levamlodipine,New Target,14267.27
1539,asenapine,New Target,14269.36
1540,cyclovalone,New Target,14274.59
1541,oxybuprocaine,New Target,14349.73
1542,nifenazone,New Target,14369.97
1543,metaproterenol,New Target,14412.85
1544,cilastatin,New Target,14415.35
1545,deferasirox-iron-chelate,New Target,14536.7
1546,chloramphenicol-sodium-succinate,New Target,14578.44
1547,inosine,New Target,14588.14
1548,simvastatin,New Target,14609.04
1549,isoxsuprine hydrochloride,New Target,14623.82
1550,enrofloxacin,New Target,14655.55
1551,cenobamate,New Target,14682.93
1552,toltrazuril,New Target,14698.43
1553,sulfamoxole,New Target,14735.01
1554,clopidogrel,New Target,14774.21
1555,nifedipine,New Target,14784.59
1556,ribavirin,New Target,14852.04
1557,sulfanilamide,New Target,14902.69
1558,fludarabine,New Target,14959.64
1559,pentolinium,New Target,14971.97
1560,dacarbazine,New Target,14998.09
1561,delapril,New Target,15049.31
1562,pitavastatin,New Target,15133.77
1563,ammonium-lactate,New Target,15142.92
1564,nimorazole,New Target,15155.36
1565,pyridoxal,New Target,15172.82
1566,sulfacetamide,New Target,15201.26
1567,aceclidine,New Target,15273.23
1568,oxiracetam,New Target,15372.95
1569,cefdinir,New Target,15390.19
1570,desipramine,New Target,15394.56
1571,enflurane,New Target,15401.28
1572,ephedrine-(racemic),New Target,15662.94
1573,domperidone,New Target,15665.4
1574,buspirone,New Target,15734.63
1575,oseltamivir-carboxylate,New Target,15934.72
1576,artemether,New Target,16073.99
1577,camostat-mesilate,New Target,16103.31
1578,cinepazet,New Target,16135.06
1579,paracetamol,New Target,16154.14
1580,nifurtimox,New Target,16305.23
1581,mephentermine,New Target,16444.38
1582,drofenine,New Target,16453.41
1583,panthenol (dl),New Target,16490.11
1584,ethionamide,New Target,16500.8
1585,iodoquinol,New Target,16557.76
1586,neostigmine,New Target,16637.63
1587,sacubitril,New Target,16751.13
1588,diosmetin,New Target,16769.0
1589,beclamide,New Target,16785.51
1590,tranylcypromine hydrochloride,New Target,16891.34
1591,xylazine,New Target,16941.91
1592,oxyquinoline,New Target,16992.74
1593,cefuroxime,New Target,17044.09
1594,melevodopa,New Target,17106.77
1595,sulfamethazine,New Target,17116.87
1596,perchlozone,New Target,17119.56
1597,methoxsalen,New Target,17160.98
1598,methenamine,New Target,17184.06
1599,aspirin,New Target,17300.63
1600,cinoxate,New Target,17303.51
1601,dopamine,New Target,17304.09
1602,isoflurane,New Target,17348.08
1603,idoxuridine,New Target,17356.81
1604,tazobactam,New Target,17381.46
1605,ethylenediaminetetraacetic-acid,New Target,17414.36
1606,thiotepa,New Target,17445.58
1607,florfenicol,New Target,17481.36
1608,florfenicol,New Target,17481.81
1609,propacetamol,New Target,17490.1
1610,levocarnitine-propionate,New Target,17496.72
1611,tazobactam,New Target,17512.72
1612,zonisamide,New Target,17637.51
1613,propyl-benzoate,New Target,17638.39
1614,trichloroacetic-acid,New Target,17696.88
1615,nifuroxazide,New Target,17721.78
1616,sulfachlorpyridazine,New Target,17776.38
1617,sulfaphenazole,New Target,17787.03
1618,chlorobutanol,New Target,17804.14
1619,dinitolmide,New Target,17829.52
1620,protirelin,New Target,17843.25
1621,trifluridine,New Target,17944.5
1622,tiabendazole,New Target,18000.86
1623,avobenzone,New Target,18059.84
1624,resorcinol-monoacetate,New Target,18124.22
1625,sulmetozine,New Target,18126.31
1626,scmc-lys,New Target,18520.42
1627,amidopyrine,New Target,18552.86
1628,propentofylline,New Target,18572.57
1629,gadoterate-meglumine,New Target,18594.44
1630,ketoprofen,New Target,18716.75
1631,tranylcypromine sulfate,New Target,18737.43
1632,trimetozine,New Target,18861.43
1633,diloxanide,New Target,18861.7
1634,zotepine,New Target,18897.56
1635,protirelin,New Target,18958.59
1636,nevirapine,New Target,18985.02
1637,phenacemide,New Target,19232.3
1638,fenoprofen,New Target,19306.33
1639,sivelestat,New Target,19343.14
1640,fosphenytoin,New Target,19350.92
1641,praziquantel,New Target,19545.73
1642,perchlozone,New Target,19693.91
1643,trimethadione,New Target,19705.43
1644,carboplatin,New Target,19717.21
1645,mestinon,New Target,19723.04
1646,gimeracil,New Target,19738.56
1647,metolazone,New Target,19763.94
1648,alprostadil,New Target,19785.09
1649,proguanil,New Target,19827.99
1650,metharbital,New Target,19839.22
1651,deferasirox,New Target,19841.74
1652,dicoumarol,New Target,19987.67
1653,triamterene,New Target,20051.23
1654,etofibrate,New Target,20078.53
1655,istradefylline,New Target,20189.42
1656,phenindione,New Target,20194.72
1657,sotalol,New Target,20226.93
1658,finasteride,New Target,20305.8
1659,acefylline,New Target,20369.29
1660,metoprolol,New Target,20377.33
1661,dihydroxyacetone,New Target,20388.0
1662,glycol salicylate,New Target,20388.78
1663,felbamate,New Target,20479.87
1664,acipimox,New Target,20502.5
1665,suxibuzone,New Target,20549.31
1666,benzyl-benzoate,New Target,20574.68
1667,sclareolide,New Target,20799.65
1668,valpromide,New Target,20804.54
1669,l-cysteine,New Target,20845.64
1670,phenazopyridine,New Target,21005.72
1671,tolonidine,New Target,21014.95
1672,benzoyl-peroxide,New Target,21160.5
1673,zidovudine,New Target,21205.12
1674,5-aminolevulinic-acid,New Target,21237.61
1675,ibuprofen-lysine,New Target,21347.68
1676,mizoribine,New Target,21506.04
1677,eprazinone,New Target,21537.68
1678,tolnaftate,New Target,21688.85
1679,dexpanthenol,New Target,21773.37
1680,lomustine,New Target,21858.47
1681,taurolidine,New Target,21910.33
1682,cyclophosphamide,New Target,21933.16
1683,halazone,New Target,21936.12
1684,fluvoxamine,New Target,22103.46
1685,oxyphencyclimine,New Target,22213.79
1686,cycloserine-(d),New Target,22512.02
1687,cinoxacin,New Target,22572.47
1688,trimetazidine,New Target,22705.31
1689,fluorescein,New Target,22872.49
1690,mesalazine,New Target,23079.62
1691,telbivudine,New Target,23152.6
1692,sulfasalazine,New Target,23194.38
1693,eperisone,New Target,23305.62
1694,aminohydroxybutyric-acid,New Target,23431.35
1695,saccharin,New Target,23626.57
1696,mesna,New Target,23747.26
1697,fudosteine,New Target,23834.88
1698,nizatidine,New Target,23974.19
1699,betazole,New Target,24036.24
1700,eflornithine,New Target,24055.52
1701,fenoprofen,New Target,24063.67
1702,monobenzone,New Target,24108.06
1703,thiomersal,New Target,24175.95
1704,sulfamethoxazole,New Target,24188.09
1705,phenelzine,New Target,24227.41
1706,chloroxylenol,New Target,24285.75
1707,malotilate,New Target,24323.62
1708,sulfadoxine,New Target,24359.01
1709,tryptophan,New Target,24583.25
1710,flumecinol,New Target,24629.89
1711,pidotimod,New Target,24652.19
1712,dapsone,New Target,24653.72
1713,hydralazine,New Target,24735.12
1714,deferiprone,New Target,24735.3
1715,isoleucine,New Target,24757.36
1716,emorfazone,New Target,24853.63
1717,malathion,New Target,24938.95
1718,dexrazoxane,New Target,25031.7
1719,roxarsone,New Target,25105.25
1720,fluciclovine (18f),New Target,25177.14
1721,doxepin,New Target,25206.76
1722,ticlopidine,New Target,25295.97
1723,marbofloxacin,New Target,25327.28
1724,doxifluridine,New Target,25649.77
1725,sulfafurazole,New Target,25735.45
1726,timonacic,New Target,25821.2
1727,levosimendan,New Target,26270.06
1728,actarit,New Target,26292.37
1729,aminosalicylate,New Target,26329.27
1730,sulfametopyrazine,New Target,26372.49
1731,chlorproguanil,New Target,26412.43
1732,methylparaben,New Target,26427.8
1733,sulfameter,New Target,26522.65
1734,nicotinamide,New Target,26588.13
1735,nedaplatin,New Target,26595.49
1736,cytarabine,New Target,26700.19
1737,gepefrine,New Target,26763.58
1738,phenolsulfonphthalein,New Target,26789.24
1739,nitarsone,New Target,26831.36
1740,tepilamide fumarate,New Target,26860.56
1741,acriflavine,New Target,26896.32
1742,dichlorvos,New Target,26996.86
1743,pralidoxime-chloride,New Target,27080.97
1744,pralidoxime,New Target,27122.51
1745,cidofovir,New Target,27222.05
1746,acriflavinium,New Target,27244.65
1747,fomepizole,New Target,27383.52
1748,ciprofibrate,New Target,27395.67
1749,nitroxoline,New Target,27463.82
1750,sodium-dodecyl-sulfate,New Target,27507.3
1751,menadione,New Target,27580.95
1752,melphalan,New Target,27960.69
1753,anisindione,New Target,27999.92
1754,ipragliflozin-l-proline,New Target,28121.66
1755,diphemanil,New Target,28189.62
1756,seratrodast,New Target,28672.64
1757,todralazine,New Target,28943.58
1758,gabapentin,New Target,29021.49
1759,phenazone,New Target,29189.0
1760,selenomethionine,New Target,29774.81
1761,phloroglucin,New Target,29791.42
1762,felbinac-ethyl,New Target,29864.58
1763,althiazide,New Target,29911.73
1764,toloxatone,New Target,30088.3
1765,robenidine,New Target,30407.0
1766,sulfamerazine,New Target,30576.66
1767,metronidazole,New Target,30607.98
1768,nabumetone,New Target,30629.26
1769,miglitol,New Target,30699.77
1770,penicillamine-(racemic),New Target,30847.14
1771,oxatomide,New Target,30927.29
1772,difenpiramide,New Target,31010.27
1773,nitromide,New Target,31036.79
1774,paroxypropione,New Target,31048.72
1775,clomethiazole,New Target,31156.42
1776,levocarnitine,New Target,31185.95
1777,phenprobamate,New Target,31226.72
1778,4-aminohippuric-acid,New Target,31231.81
1779,secnidazole,New Target,31241.13
1780,aceglutamide,New Target,31326.58
1781,metergoline,New Target,31434.31
1782,mebendazole,New Target,31526.81
1783,trimethobenzamide,New Target,31559.37
1784,metacresol,New Target,32034.8
1785,metergoline,New Target,32525.0
1786,chlorocresol,New Target,32689.83
1787,pantothenic-acid,New Target,32767.7
1788,aminocaproic-acid,New Target,32851.55
1789,propatylnitrate,New Target,33281.37
1790,levonordefrin,New Target,33381.69
1791,telmesteine,New Target,33811.52
1792,carmustine,New Target,33915.29
1793,acetohydroxamic-acid,New Target,34242.35
1794,bentiromide,New Target,34273.22
1795,tandospirone,New Target,34700.01
1796,urea,New Target,34725.9
1797,pyritinol,New Target,34740.99
1798,fenoverine,New Target,35074.33
1799,morinidazole,New Target,35106.19
1800,mecysteine hydrochloride,New Target,35417.55
1801,sulfadiazine,New Target,35493.86
1802,dimetridazole,New Target,35656.03
1803,benzyl-alcohol,New Target,35659.9
1804,clevudine,New Target,35891.2
1805,pirfenidone,New Target,35967.43
1806,enbucrilate,New Target,35991.91
1807,riodoxol,New Target,36350.38
1808,zuclopenthixol,New Target,36354.97
1809,diclofenamide,New Target,36460.28
1810,tofisopam,New Target,36465.71
1811,uracil,New Target,36543.32
1812,idarubicin,New Target,36565.62
1813,ornidazole,New Target,36603.7
1814,alpelisib,New Target,36647.75
1815,diphenylpyraline,New Target,36746.78
1816,didox,New Target,36760.39
1817,glycerol-monolaurate,New Target,37078.38
1818,methionine,New Target,37168.63
1819,penicillamine-(d),New Target,37173.97
1820,lamotrigine,New Target,37208.09
1821,miglitol,New Target,37301.08
1822,benzocaine,New Target,37302.1
1823,medronic-acid,New Target,37445.4
1824,vidarabine,New Target,37563.77
1825,l-glutamine,New Target,37570.72
1826,oxymatrine,New Target,37663.72
1827,chlorzoxazone,New Target,37681.17
1828,oxymatrine,New Target,37774.69
1829,adenosine,New Target,38003.48
1830,terbinafine,New Target,38046.45
1831,tinidazole,New Target,38059.47
1832,monoctanoin,New Target,38548.16
1833,olsalazine,New Target,39073.11
1834,fumagillin,New Target,39166.56
1835,betaine,New Target,39213.98
1836,phenylephrine,New Target,39240.13
1837,diazoxide,New Target,39689.56
1838,riociguat,New Target,39730.89
1839,chloramphenicol,New Target,39860.01
1840,fumagillin,New Target,39919.35
1841,resorcinol,New Target,40016.51
1842,clevudine,New Target,40194.09
1843,dimercaptosuccinic-acid,New Target,41217.16
1844,fotemustine,New Target,41223.21
1845,ethambutol,New Target,41298.06
1846,phenylbutyrate,New Target,41314.73
1847,dichlorophen,New Target,41373.45
1848,azacitidine,New Target,41539.51
1849,nifursol,New Target,41831.11
1850,fosfestrol,New Target,41915.42
1851,nitisinone,New Target,42065.47
1852,cytidine,New Target,42252.98
1853,pyridoxine,New Target,42454.44
1854,l-methionine,New Target,42602.76
1855,gabapentin-enacarbil,New Target,42845.24
1856,l(-)sorbose,New Target,42874.9
1857,cresol,New Target,43671.22
1858,piperazine,New Target,44371.24
1859,salicylic-acid,New Target,44485.4
1860,ifosfamide,New Target,44597.57
1861,linsidomine,New Target,44614.08
1862,bismuth-subsalicylate,New Target,44816.38
1863,dimercaprol,New Target,45123.08
1864,fenigam,New Target,45325.33
1865,propiolactone,New Target,45541.3
1866,hydroquinone,New Target,45621.43
1867,n-acetyl-tyrosine,New Target,46062.33
1868,carglumic-acid,New Target,46468.94
1869,cysteamine,New Target,46984.22
1870,betahistine,New Target,47008.89
1871,guanidine,New Target,47015.88
1872,mandelic-acid,New Target,47033.19
1873,fenbufen,New Target,47200.22
1874,carbazochrome,New Target,47445.02
1875,chlorambucil,New Target,47483.42
1876,rosoxacin,New Target,47528.61
1877,hydroxyurea,New Target,47553.21
1878,trientine,New Target,47988.29
1879,dienestrol,New Target,48048.51
1880,curcumin,New Target,48108.16
1881,acetarsol,New Target,48232.72
1882,cyclobenzaprine,New Target,48752.58
1883,aspartame,New Target,49606.24
1884,febantel,New Target,49871.47
1885,arsenic trioxide diethanolamine salt,New Target,50455.28
1886,moroxydine hcl,New Target,51879.56
1887,mercaptopurine,New Target,52018.26
1888,thiamphenicol,New Target,53711.52
1889,isoflurophate,New Target,53869.2
1890,adrafinil,New Target,54361.46
1891,sulfapyridine,New Target,54500.91
1892,agomelatine,New Target,54744.75
1893,homochlorcyclizine 2hcl,New Target,54908.72
1894,coumarin,New Target,55209.57
1895,fludarabine-phosphate,New Target,55344.86
1896,cridanimod,New Target,55372.45
1897,altretamine,New Target,55429.27
1898,ornithine,New Target,56393.91
1899,oxolamine,New Target,56621.65
1900,dalfampridine,New Target,56646.71
1901,mycophenolate-mofetil,New Target,56726.35
1902,l-glutamic-acid,New Target,57090.43
1903,troclosene,New Target,57646.16
1904,clofibric-acid,New Target,57769.31
1905,butalbital,New Target,59560.29
1906,cisplatin,New Target,60163.34
1907,baclofen,New Target,60234.4
1908,alanine,New Target,61001.25
1909,clofibrate,New Target,61126.52
1910,olopatadine,New Target,61211.83
1911,bepridil,New Target,61985.54
1912,isosorbide-dinitrate,New Target,62496.4
1913,methoxyflurane,New Target,62817.12
1914,felbinac,New Target,63977.07
1915,l-alanine,New Target,64655.92
1916,chloramine-t,New Target,64803.4
1917,nedaplatin,New Target,65162.17
1918,edaravone,New Target,65248.84
1919,mercaptosuccinic-acid,New Target,65338.47
1920,allopurinol,New Target,65599.83
1921,chromocarb,New Target,66055.02
1922,creatine,New Target,67190.94
1923,hydroxyzine,New Target,67206.47
1924,isosorbide-mononitrate,New Target,67222.24
1925,hydroxyzine pamoate,New Target,67672.82
1926,amifampridine,New Target,67885.67
1927,meldonium,New Target,68295.37
1928,azelaic-acid,New Target,68321.73
1929,nicotinyl-alcohol-tartrate,New Target,70033.03
1930,d-serine,New Target,70662.29
1931,dosulepin,New Target,71169.87
1932,alclofenac,New Target,71180.15
1933,procaine,New Target,71754.42
1934,aurothioglucose,New Target,72057.42
1935,mequinol,New Target,72119.51
1936,fluoromethylcholine,New Target,73186.41
1937,equol,New Target,73430.26
1938,propylene-glycol,New Target,74035.62
1939,nelarabine,New Target,74092.39
1940,fenofibric-acid,New Target,76796.06
1941,bendazac,New Target,77535.97
1942,fosfosal,New Target,77764.9
1943,l-aspartic-acid,New Target,78200.31
1944,mycophenolic-acid,New Target,78316.77
1945,fenofibrate,New Target,79588.02
1946,levodopa,New Target,79716.34
1947,midodrine,New Target,79842.9
1948,pyrazinamide,New Target,80504.96
1949,levocetirizine,New Target,80732.08
1950,adrenalone,New Target,81139.24
1951,cetirizine,New Target,81313.39
1952,ronidazole,New Target,82050.97
1953,sodium-monofluorophosphate,New Target,84484.39
1954,hydralazine,New Target,84733.45
1955,methimazole,New Target,87478.44
1956,undecylenic-acid,New Target,87925.34
1957,benztropine mesylate,New Target,90170.31
1958,benztropine-mesylate,New Target,90309.65
1959,caprylic-acid,New Target,90413.56
1960,parachlorophenol,New Target,91399.3
1961,allantoin,New Target,92354.83
1962,dextrose,New Target,92885.77
1963,rosmarinic-acid,New Target,93878.68
1964,sodium-nitrite,New Target,93987.54
1965,solriamfetol,New Target,95428.78
1966,isometheptene-mucate,New Target,96553.9
1967,benzoic-acid,New Target,96818.65
1968,aurothioglucose,New Target,97463.95
1969,bendamustine,New Target,97691.64
1970,terbutaline,New Target,98282.58
1971,dimethicone,New Target,98581.25
1972,nortriptyline,New Target,101037.04
1973,chloroxoquinoline,New Target,101047.25
1974,bronopol,New Target,102378.94
1975,xylose,New Target,104573.05
1976,trometamol,New Target,104757.52
1977,arsenic-trioxide,New Target,105597.29
1978,acexamic-acid,New Target,106096.46
1979,gluconolactone,New Target,106556.19
1980,chloroprocaine,New Target,108434.9
1981,decitabine,New Target,109749.55
1982,molsidomine,New Target,110770.59
1983,niacin,New Target,114784.5
1984,glucosamine,New Target,117118.21
1985,tartaric-acid,New Target,120834.57
1986,amfenac,New Target,126166.77
1987,mecysteine,New Target,126790.73
1988,ambrisentan,New Target,128837.92
1989,nitrofurazone,New Target,129237.4
1990,isoniazid,New Target,136592.73
1991,thiamine,New Target,137657.08
1992,chlorcyclizine,New Target,139200.32
1993,tolazamide,New Target,155502.96
1994,cyclizine,New Target,166968.52
1995,sucralose,New Target,168960.93
1996,tagatose,New Target,171751.06
1997,l-proline,New Target,185789.24
1998,ephedrine,New Target,193117.62
1999,erythritol,New Target,220977.61
2000,nomifensine,New Target,236400.97
2001,3-bromocamphor,New Target,236734.27
2002,arglabin,New Target,243192.0
2003,monomethyl-fumarate,New Target,275947.01
2004,streptozotocin,New Target,282957.35
2005,adenosine 5-monophosphate,New Target,284051.7
2006,adenosine-phosphate,New Target,288226.86
2007,emedastine,New Target,291736.55
2008,dydrogesterone,New Target,302780.1
2009,amitriptyline,New Target,309453.74
2010,lasmiditan,New Target,317054.06
2011,medrysone,New Target,341593.23
2012,potassium-iodide,New Target,349834.74
2013,varenicline tartrate,New Target,373669.53
2014,detomidine,New Target,422788.42
2015,guanaben-acetate,New Target,435189.97
2016,phenytoin,New Target,448284.97
2017,noretynodrel,New Target,487251.72
2018,escitalopram,New Target,510746.12
2019,valproic-acid,New Target,527388.51
2020,carprofen,New Target,535928.1
2021,besifloxacin,New Target,576732.58
2022,dimethyl-fumarate,New Target,596533.8
2023,nifurtimox,New Target,617313.9
2024,diclofenac,New Target,632028.63
2025,aceclidine hcl,New Target,641443.68
2026,chlormadinone-acetate,New Target,680999.36
2027,rufinamide,New Target,686513.56
2028,dimpylate,New Target,704520.03
2029,bromodiphenhydramine,New Target,707917.58
2030,lofexidine,New Target,718328.73
2031,tipiracil,New Target,744737.08
2032,neca,New Target,755559.92
2033,antioxine,New Target,775820.39
2034,7-keto-dhea,New Target,776091.96
2035,pidolic-acid,New Target,791048.51
2036,glipizide,New Target,796163.15
2037,teneligliptin,New Target,798392.34
2038,vardenafil,New Target,836466.24
2039,bephenium-hydroxynaphthoate,New Target,837712.49
2040,pipamperone,New Target,840294.53
2041,ademetionine,New Target,882079.91
2042,cephapirin,New Target,945134.89
2043,flucytosine,New Target,974794.5
2044,pazopanib,New Target,982135.7
2045,metaraminol,New Target,1034918.32
2046,fenipentol,New Target,1047858.37
2047,clomipramine,New Target,1064763.89
2048,spaglumic-acid,New Target,1079145.97
2049,nifenalol,New Target,1086582.67
2050,foscarnet,New Target,1116629.26
2051,erdosteine,New Target,1145608.5
2052,inimur,New Target,1152579.72
2053,levomenol,New Target,1164579.71
2054,methoxyphenamine,New Target,1250118.93
2055,moroxydine,New Target,1381289.17
2056,taurine,New Target,1833766.34
2057,succinic-acid,New Target,2045380.25
